EmployeeNumber,dummy_email,dummy_password
1,employee1@company.com,password_1
2,employee2@company.com,password_2
4,employee4@company.com,password_4
5,employee5@company.com,password_5
7,employee7@company.com,password_7
8,employee8@company.com,password_8
10,employee10@company.com,password_10
11,employee11@company.com,password_11
12,employee12@company.com,password_12
13,employee13@company.com,password_13
14,employee14@company.com,password_14
15,employee15@company.com,password_15
16,employee16@company.com,password_16
18,employee18@company.com,password_18
19,employee19@company.com,password_19
20,employee20@company.com,password_20
21,employee21@company.com,password_21
22,employee22@company.com,password_22
23,employee23@company.com,password_23
24,employee24@company.com,password_24
26,employee26@company.com,password_26
27,employee27@company.com,password_27
28,employee28@company.com,password_28
30,employee30@company.com,password_30
31,employee31@company.com,password_31
32,employee32@company.com,password_32
33,employee33@company.com,password_33
35,employee35@company.com,password_35
36,employee36@company.com,password_36
38,employee38@company.com,password_38
39,employee39@company.com,password_39
40,employee40@company.com,password_40
41,employee41@company.com,password_41
42,employee42@company.com,password_42
45,employee45@company.com,password_45
46,employee46@company.com,password_46
47,employee47@company.com,password_47
49,employee49@company.com,password_49
51,employee51@company.com,password_51
52,employee52@company.com,password_52
53,employee53@company.com,password_53
54,employee54@company.com,password_54
55,employee55@company.com,password_55
56,employee56@company.com,password_56
57,employee57@company.com,password_57
58,employee58@company.com,password_58
60,employee60@company.com,password_60
61,employee61@company.com,password_61
62,employee62@company.com,password_62
63,employee63@company.com,password_63
64,employee64@company.com,password_64
65,employee65@company.com,password_65
68,employee68@company.com,password_68
70,employee70@company.com,password_70
72,employee72@company.com,password_72
73,employee73@company.com,password_73
74,employee74@company.com,password_74
75,employee75@company.com,password_75
76,employee76@company.com,password_76
77,employee77@company.com,password_77
78,employee78@company.com,password_78
79,employee79@company.com,password_79
80,employee80@company.com,password_80
81,employee81@company.com,password_81
83,employee83@company.com,password_83
84,employee84@company.com,password_84
85,employee85@company.com,password_85
86,employee86@company.com,password_86
88,employee88@company.com,password_88
90,employee90@company.com,password_90
91,employee91@company.com,password_91
94,employee94@company.com,password_94
95,employee95@company.com,password_95
96,employee96@company.com,password_96
97,employee97@company.com,password_97
98,employee98@company.com,password_98
100,employee100@company.com,password_100
101,employee101@company.com,password_101
102,employee102@company.com,password_102
103,employee103@company.com,password_103
104,employee104@company.com,password_104
105,employee105@company.com,password_105
106,employee106@company.com,password_106
107,employee107@company.com,password_107
110,employee110@company.com,password_110
112,employee112@company.com,password_112
113,employee113@company.com,password_113
116,employee116@company.com,password_116
117,employee117@company.com,password_117
118,employee118@company.com,password_118
119,employee119@company.com,password_119
120,employee120@company.com,password_120
121,employee121@company.com,password_121
124,employee124@company.com,password_124
125,employee125@company.com,password_125
126,employee126@company.com,password_126
128,employee128@company.com,password_128
129,employee129@company.com,password_129
131,employee131@company.com,password_131
132,employee132@company.com,password_132
133,employee133@company.com,password_133
134,employee134@company.com,password_134
137,employee137@company.com,password_137
138,employee138@company.com,password_138
139,employee139@company.com,password_139
140,employee140@company.com,password_140
141,employee141@company.com,password_141
142,employee142@company.com,password_142
143,employee143@company.com,password_143
144,employee144@company.com,password_144
145,employee145@company.com,password_145
147,employee147@company.com,password_147
148,employee148@company.com,password_148
150,employee150@company.com,password_150
151,employee151@company.com,password_151
152,employee152@company.com,password_152
153,employee153@company.com,password_153
154,employee154@company.com,password_154
155,employee155@company.com,password_155
158,employee158@company.com,password_158
159,employee159@company.com,password_159
160,employee160@company.com,password_160
161,employee161@company.com,password_161
162,employee162@company.com,password_162
163,employee163@company.com,password_163
164,employee164@company.com,password_164
165,employee165@company.com,password_165
167,employee167@company.com,password_167
169,employee169@company.com,password_169
170,employee170@company.com,password_170
171,employee171@company.com,password_171
174,employee174@company.com,password_174
175,employee175@company.com,password_175
176,employee176@company.com,password_176
177,employee177@company.com,password_177
178,employee178@company.com,password_178
179,employee179@company.com,password_179
182,employee182@company.com,password_182
183,employee183@company.com,password_183
184,employee184@company.com,password_184
190,employee190@company.com,password_190
192,employee192@company.com,password_192
193,employee193@company.com,password_193
194,employee194@company.com,password_194
195,employee195@company.com,password_195
197,employee197@company.com,password_197
198,employee198@company.com,password_198
199,employee199@company.com,password_199
200,employee200@company.com,password_200
201,employee201@company.com,password_201
202,employee202@company.com,password_202
204,employee204@company.com,password_204
205,employee205@company.com,password_205
206,employee206@company.com,password_206
207,employee207@company.com,password_207
208,employee208@company.com,password_208
211,employee211@company.com,password_211
214,employee214@company.com,password_214
215,employee215@company.com,password_215
216,employee216@company.com,password_216
217,employee217@company.com,password_217
218,employee218@company.com,password_218
221,employee221@company.com,password_221
223,employee223@company.com,password_223
224,employee224@company.com,password_224
226,employee226@company.com,password_226
227,employee227@company.com,password_227
228,employee228@company.com,password_228
230,employee230@company.com,password_230
231,employee231@company.com,password_231
233,employee233@company.com,password_233
235,employee235@company.com,password_235
238,employee238@company.com,password_238
239,employee239@company.com,password_239
240,employee240@company.com,password_240
241,employee241@company.com,password_241
242,employee242@company.com,password_242
243,employee243@company.com,password_243
244,employee244@company.com,password_244
245,employee245@company.com,password_245
246,employee246@company.com,password_246
247,employee247@company.com,password_247
248,employee248@company.com,password_248
249,employee249@company.com,password_249
250,employee250@company.com,password_250
252,employee252@company.com,password_252
253,employee253@company.com,password_253
254,employee254@company.com,password_254
256,employee256@company.com,password_256
258,employee258@company.com,password_258
259,employee259@company.com,password_259
260,employee260@company.com,password_260
261,employee261@company.com,password_261
262,employee262@company.com,password_262
264,employee264@company.com,password_264
267,employee267@company.com,password_267
269,employee269@company.com,password_269
270,employee270@company.com,password_270
271,employee271@company.com,password_271
273,employee273@company.com,password_273
274,employee274@company.com,password_274
275,employee275@company.com,password_275
277,employee277@company.com,password_277
281,employee281@company.com,password_281
282,employee282@company.com,password_282
283,employee283@company.com,password_283
284,employee284@company.com,password_284
286,employee286@company.com,password_286
287,employee287@company.com,password_287
288,employee288@company.com,password_288
291,employee291@company.com,password_291
292,employee292@company.com,password_292
293,employee293@company.com,password_293
296,employee296@company.com,password_296
297,employee297@company.com,password_297
298,employee298@company.com,password_298
299,employee299@company.com,password_299
300,employee300@company.com,password_300
302,employee302@company.com,password_302
303,employee303@company.com,password_303
304,employee304@company.com,password_304
305,employee305@company.com,password_305
306,employee306@company.com,password_306
307,employee307@company.com,password_307
308,employee308@company.com,password_308
309,employee309@company.com,password_309
311,employee311@company.com,password_311
312,employee312@company.com,password_312
314,employee314@company.com,password_314
315,employee315@company.com,password_315
316,employee316@company.com,password_316
319,employee319@company.com,password_319
321,employee321@company.com,password_321
323,employee323@company.com,password_323
325,employee325@company.com,password_325
327,employee327@company.com,password_327
328,employee328@company.com,password_328
329,employee329@company.com,password_329
330,employee330@company.com,password_330
331,employee331@company.com,password_331
332,employee332@company.com,password_332
333,employee333@company.com,password_333
334,employee334@company.com,password_334
335,employee335@company.com,password_335
336,employee336@company.com,password_336
337,employee337@company.com,password_337
338,employee338@company.com,password_338
339,employee339@company.com,password_339
340,employee340@company.com,password_340
341,employee341@company.com,password_341
342,employee342@company.com,password_342
343,employee343@company.com,password_343
346,employee346@company.com,password_346
347,employee347@company.com,password_347
349,employee349@company.com,password_349
350,employee350@company.com,password_350
351,employee351@company.com,password_351
352,employee352@company.com,password_352
353,employee353@company.com,password_353
355,employee355@company.com,password_355
359,employee359@company.com,password_359
361,employee361@company.com,password_361
362,employee362@company.com,password_362
363,employee363@company.com,password_363
364,employee364@company.com,password_364
366,employee366@company.com,password_366
367,employee367@company.com,password_367
369,employee369@company.com,password_369
372,employee372@company.com,password_372
373,employee373@company.com,password_373
374,employee374@company.com,password_374
376,employee376@company.com,password_376
377,employee377@company.com,password_377
378,employee378@company.com,password_378
379,employee379@company.com,password_379
380,employee380@company.com,password_380
381,employee381@company.com,password_381
382,employee382@company.com,password_382
384,employee384@company.com,password_384
385,employee385@company.com,password_385
386,employee386@company.com,password_386
387,employee387@company.com,password_387
388,employee388@company.com,password_388
389,employee389@company.com,password_389
390,employee390@company.com,password_390
391,employee391@company.com,password_391
392,employee392@company.com,password_392
393,employee393@company.com,password_393
394,employee394@company.com,password_394
395,employee395@company.com,password_395
396,employee396@company.com,password_396
397,employee397@company.com,password_397
399,employee399@company.com,password_399
401,employee401@company.com,password_401
403,employee403@company.com,password_403
404,employee404@company.com,password_404
405,employee405@company.com,password_405
406,employee406@company.com,password_406
407,employee407@company.com,password_407
408,employee408@company.com,password_408
410,employee410@company.com,password_410
411,employee411@company.com,password_411
412,employee412@company.com,password_412
416,employee416@company.com,password_416
417,employee417@company.com,password_417
419,employee419@company.com,password_419
420,employee420@company.com,password_420
421,employee421@company.com,password_421
422,employee422@company.com,password_422
423,employee423@company.com,password_423
424,employee424@company.com,password_424
425,employee425@company.com,password_425
426,employee426@company.com,password_426
428,employee428@company.com,password_428
429,employee429@company.com,password_429
430,employee430@company.com,password_430
431,employee431@company.com,password_431
433,employee433@company.com,password_433
434,employee434@company.com,password_434
436,employee436@company.com,password_436
437,employee437@company.com,password_437
438,employee438@company.com,password_438
439,employee439@company.com,password_439
440,employee440@company.com,password_440
441,employee441@company.com,password_441
442,employee442@company.com,password_442
444,employee444@company.com,password_444
445,employee445@company.com,password_445
446,employee446@company.com,password_446
447,employee447@company.com,password_447
448,employee448@company.com,password_448
449,employee449@company.com,password_449
450,employee450@company.com,password_450
451,employee451@company.com,password_451
452,employee452@company.com,password_452
453,employee453@company.com,password_453
454,employee454@company.com,password_454
455,employee455@company.com,password_455
456,employee456@company.com,password_456
458,employee458@company.com,password_458
460,employee460@company.com,password_460
461,employee461@company.com,password_461
462,employee462@company.com,password_462
463,employee463@company.com,password_463
464,employee464@company.com,password_464
465,employee465@company.com,password_465
466,employee466@company.com,password_466
467,employee467@company.com,password_467
468,employee468@company.com,password_468
469,employee469@company.com,password_469
470,employee470@company.com,password_470
471,employee471@company.com,password_471
473,employee473@company.com,password_473
474,employee474@company.com,password_474
475,employee475@company.com,password_475
476,employee476@company.com,password_476
477,employee477@company.com,password_477
478,employee478@company.com,password_478
479,employee479@company.com,password_479
481,employee481@company.com,password_481
482,employee482@company.com,password_482
483,employee483@company.com,password_483
484,employee484@company.com,password_484
485,employee485@company.com,password_485
486,employee486@company.com,password_486
487,employee487@company.com,password_487
488,employee488@company.com,password_488
491,employee491@company.com,password_491
492,employee492@company.com,password_492
493,employee493@company.com,password_493
494,employee494@company.com,password_494
495,employee495@company.com,password_495
496,employee496@company.com,password_496
497,employee497@company.com,password_497
498,employee498@company.com,password_498
499,employee499@company.com,password_499
500,employee500@company.com,password_500
501,employee501@company.com,password_501
502,employee502@company.com,password_502
505,employee505@company.com,password_505
507,employee507@company.com,password_507
508,employee508@company.com,password_508
510,employee510@company.com,password_510
511,employee511@company.com,password_511
513,employee513@company.com,password_513
514,employee514@company.com,password_514
515,employee515@company.com,password_515
516,employee516@company.com,password_516
517,employee517@company.com,password_517
518,employee518@company.com,password_518
520,employee520@company.com,password_520
521,employee521@company.com,password_521
522,employee522@company.com,password_522
523,employee523@company.com,password_523
524,employee524@company.com,password_524
525,employee525@company.com,password_525
526,employee526@company.com,password_526
527,employee527@company.com,password_527
529,employee529@company.com,password_529
530,employee530@company.com,password_530
531,employee531@company.com,password_531
532,employee532@company.com,password_532
533,employee533@company.com,password_533
534,employee534@company.com,password_534
536,employee536@company.com,password_536
538,employee538@company.com,password_538
543,employee543@company.com,password_543
544,employee544@company.com,password_544
546,employee546@company.com,password_546
547,employee547@company.com,password_547
548,employee548@company.com,password_548
549,employee549@company.com,password_549
550,employee550@company.com,password_550
551,employee551@company.com,password_551
554,employee554@company.com,password_554
555,employee555@company.com,password_555
556,employee556@company.com,password_556
558,employee558@company.com,password_558
560,employee560@company.com,password_560
562,employee562@company.com,password_562
564,employee564@company.com,password_564
565,employee565@company.com,password_565
566,employee566@company.com,password_566
567,employee567@company.com,password_567
568,employee568@company.com,password_568
569,employee569@company.com,password_569
571,employee571@company.com,password_571
573,employee573@company.com,password_573
574,employee574@company.com,password_574
575,employee575@company.com,password_575
577,employee577@company.com,password_577
578,employee578@company.com,password_578
579,employee579@company.com,password_579
580,employee580@company.com,password_580
581,employee581@company.com,password_581
582,employee582@company.com,password_582
584,employee584@company.com,password_584
585,employee585@company.com,password_585
586,employee586@company.com,password_586
587,employee587@company.com,password_587
590,employee590@company.com,password_590
591,employee591@company.com,password_591
592,employee592@company.com,password_592
593,employee593@company.com,password_593
595,employee595@company.com,password_595
597,employee597@company.com,password_597
599,employee599@company.com,password_599
600,employee600@company.com,password_600
601,employee601@company.com,password_601
602,employee602@company.com,password_602
604,employee604@company.com,password_604
605,employee605@company.com,password_605
606,employee606@company.com,password_606
608,employee608@company.com,password_608
611,employee611@company.com,password_611
612,employee612@company.com,password_612
613,employee613@company.com,password_613
614,employee614@company.com,password_614
615,employee615@company.com,password_615
616,employee616@company.com,password_616
618,employee618@company.com,password_618
620,employee620@company.com,password_620
621,employee621@company.com,password_621
622,employee622@company.com,password_622
623,employee623@company.com,password_623
624,employee624@company.com,password_624
625,employee625@company.com,password_625
626,employee626@company.com,password_626
630,employee630@company.com,password_630
631,employee631@company.com,password_631
632,employee632@company.com,password_632
634,employee634@company.com,password_634
635,employee635@company.com,password_635
638,employee638@company.com,password_638
639,employee639@company.com,password_639
641,employee641@company.com,password_641
643,employee643@company.com,password_643
644,employee644@company.com,password_644
645,employee645@company.com,password_645
647,employee647@company.com,password_647
648,employee648@company.com,password_648
649,employee649@company.com,password_649
650,employee650@company.com,password_650
652,employee652@company.com,password_652
653,employee653@company.com,password_653
655,employee655@company.com,password_655
656,employee656@company.com,password_656
657,employee657@company.com,password_657
659,employee659@company.com,password_659
661,employee661@company.com,password_661
662,employee662@company.com,password_662
663,employee663@company.com,password_663
664,employee664@company.com,password_664
665,employee665@company.com,password_665
666,employee666@company.com,password_666
667,employee667@company.com,password_667
669,employee669@company.com,password_669
671,employee671@company.com,password_671
675,employee675@company.com,password_675
677,employee677@company.com,password_677
679,employee679@company.com,password_679
680,employee680@company.com,password_680
682,employee682@company.com,password_682
683,employee683@company.com,password_683
684,employee684@company.com,password_684
686,employee686@company.com,password_686
689,employee689@company.com,password_689
690,employee690@company.com,password_690
691,employee691@company.com,password_691
692,employee692@company.com,password_692
698,employee698@company.com,password_698
699,employee699@company.com,password_699
700,employee700@company.com,password_700
701,employee701@company.com,password_701
702,employee702@company.com,password_702
704,employee704@company.com,password_704
705,employee705@company.com,password_705
707,employee707@company.com,password_707
709,employee709@company.com,password_709
710,employee710@company.com,password_710
712,employee712@company.com,password_712
714,employee714@company.com,password_714
715,employee715@company.com,password_715
716,employee716@company.com,password_716
717,employee717@company.com,password_717
720,employee720@company.com,password_720
721,employee721@company.com,password_721
722,employee722@company.com,password_722
723,employee723@company.com,password_723
724,employee724@company.com,password_724
725,employee725@company.com,password_725
727,employee727@company.com,password_727
728,employee728@company.com,password_728
729,employee729@company.com,password_729
730,employee730@company.com,password_730
731,employee731@company.com,password_731
732,employee732@company.com,password_732
733,employee733@company.com,password_733
734,employee734@company.com,password_734
738,employee738@company.com,password_738
741,employee741@company.com,password_741
742,employee742@company.com,password_742
743,employee743@company.com,password_743
744,employee744@company.com,password_744
746,employee746@company.com,password_746
747,employee747@company.com,password_747
749,employee749@company.com,password_749
752,employee752@company.com,password_752
754,employee754@company.com,password_754
757,employee757@company.com,password_757
758,employee758@company.com,password_758
760,employee760@company.com,password_760
762,employee762@company.com,password_762
763,employee763@company.com,password_763
764,employee764@company.com,password_764
766,employee766@company.com,password_766
769,employee769@company.com,password_769
771,employee771@company.com,password_771
772,employee772@company.com,password_772
773,employee773@company.com,password_773
775,employee775@company.com,password_775
776,employee776@company.com,password_776
780,employee780@company.com,password_780
781,employee781@company.com,password_781
783,employee783@company.com,password_783
784,employee784@company.com,password_784
785,employee785@company.com,password_785
786,employee786@company.com,password_786
787,employee787@company.com,password_787
789,employee789@company.com,password_789
791,employee791@company.com,password_791
792,employee792@company.com,password_792
793,employee793@company.com,password_793
796,employee796@company.com,password_796
797,employee797@company.com,password_797
799,employee799@company.com,password_799
800,employee800@company.com,password_800
802,employee802@company.com,password_802
803,employee803@company.com,password_803
804,employee804@company.com,password_804
805,employee805@company.com,password_805
806,employee806@company.com,password_806
807,employee807@company.com,password_807
808,employee808@company.com,password_808
809,employee809@company.com,password_809
811,employee811@company.com,password_811
812,employee812@company.com,password_812
813,employee813@company.com,password_813
815,employee815@company.com,password_815
816,employee816@company.com,password_816
817,employee817@company.com,password_817
819,employee819@company.com,password_819
820,employee820@company.com,password_820
823,employee823@company.com,password_823
824,employee824@company.com,password_824
825,employee825@company.com,password_825
826,employee826@company.com,password_826
827,employee827@company.com,password_827
828,employee828@company.com,password_828
829,employee829@company.com,password_829
830,employee830@company.com,password_830
832,employee832@company.com,password_832
833,employee833@company.com,password_833
834,employee834@company.com,password_834
836,employee836@company.com,password_836
837,employee837@company.com,password_837
838,employee838@company.com,password_838
840,employee840@company.com,password_840
842,employee842@company.com,password_842
843,employee843@company.com,password_843
844,employee844@company.com,password_844
845,employee845@company.com,password_845
846,employee846@company.com,password_846
847,employee847@company.com,password_847
848,employee848@company.com,password_848
850,employee850@company.com,password_850
851,employee851@company.com,password_851
852,employee852@company.com,password_852
854,employee854@company.com,password_854
855,employee855@company.com,password_855
856,employee856@company.com,password_856
857,employee857@company.com,password_857
859,employee859@company.com,password_859
861,employee861@company.com,password_861
862,employee862@company.com,password_862
864,employee864@company.com,password_864
865,employee865@company.com,password_865
867,employee867@company.com,password_867
868,employee868@company.com,password_868
869,employee869@company.com,password_869
872,employee872@company.com,password_872
874,employee874@company.com,password_874
875,employee875@company.com,password_875
878,employee878@company.com,password_878
879,employee879@company.com,password_879
880,employee880@company.com,password_880
881,employee881@company.com,password_881
882,employee882@company.com,password_882
885,employee885@company.com,password_885
887,employee887@company.com,password_887
888,employee888@company.com,password_888
889,employee889@company.com,password_889
893,employee893@company.com,password_893
894,employee894@company.com,password_894
895,employee895@company.com,password_895
896,employee896@company.com,password_896
897,employee897@company.com,password_897
899,employee899@company.com,password_899
900,employee900@company.com,password_900
901,employee901@company.com,password_901
902,employee902@company.com,password_902
903,employee903@company.com,password_903
904,employee904@company.com,password_904
905,employee905@company.com,password_905
909,employee909@company.com,password_909
910,employee910@company.com,password_910
911,employee911@company.com,password_911
912,employee912@company.com,password_912
913,employee913@company.com,password_913
916,employee916@company.com,password_916
918,employee918@company.com,password_918
920,employee920@company.com,password_920
922,employee922@company.com,password_922
923,employee923@company.com,password_923
924,employee924@company.com,password_924
925,employee925@company.com,password_925
926,employee926@company.com,password_926
927,employee927@company.com,password_927
930,employee930@company.com,password_930
932,employee932@company.com,password_932
933,employee933@company.com,password_933
934,employee934@company.com,password_934
936,employee936@company.com,password_936
939,employee939@company.com,password_939
940,employee940@company.com,password_940
941,employee941@company.com,password_941
942,employee942@company.com,password_942
944,employee944@company.com,password_944
945,employee945@company.com,password_945
947,employee947@company.com,password_947
949,employee949@company.com,password_949
950,employee950@company.com,password_950
951,employee951@company.com,password_951
952,employee952@company.com,password_952
954,employee954@company.com,password_954
956,employee956@company.com,password_956
957,employee957@company.com,password_957
958,employee958@company.com,password_958
959,employee959@company.com,password_959
960,employee960@company.com,password_960
961,employee961@company.com,password_961
964,employee964@company.com,password_964
966,employee966@company.com,password_966
967,employee967@company.com,password_967
969,employee969@company.com,password_969
970,employee970@company.com,password_970
972,employee972@company.com,password_972
974,employee974@company.com,password_974
975,employee975@company.com,password_975
976,employee976@company.com,password_976
977,employee977@company.com,password_977
981,employee981@company.com,password_981
982,employee982@company.com,password_982
983,employee983@company.com,password_983
984,employee984@company.com,password_984
985,employee985@company.com,password_985
986,employee986@company.com,password_986
987,employee987@company.com,password_987
990,employee990@company.com,password_990
991,employee991@company.com,password_991
992,employee992@company.com,password_992
994,employee994@company.com,password_994
995,employee995@company.com,password_995
996,employee996@company.com,password_996
997,employee997@company.com,password_997
998,employee998@company.com,password_998
999,employee999@company.com,password_999
1001,employee1001@company.com,password_1001
1002,employee1002@company.com,password_1002
1003,employee1003@company.com,password_1003
1004,employee1004@company.com,password_1004
1005,employee1005@company.com,password_1005
1006,employee1006@company.com,password_1006
1007,employee1007@company.com,password_1007
1009,employee1009@company.com,password_1009
1010,employee1010@company.com,password_1010
1011,employee1011@company.com,password_1011
1012,employee1012@company.com,password_1012
1013,employee1013@company.com,password_1013
1014,employee1014@company.com,password_1014
1015,employee1015@company.com,password_1015
1016,employee1016@company.com,password_1016
1017,employee1017@company.com,password_1017
1018,employee1018@company.com,password_1018
1019,employee1019@company.com,password_1019
1022,employee1022@company.com,password_1022
1024,employee1024@company.com,password_1024
1025,employee1025@company.com,password_1025
1026,employee1026@company.com,password_1026
1027,employee1027@company.com,password_1027
1028,employee1028@company.com,password_1028
1029,employee1029@company.com,password_1029
1030,employee1030@company.com,password_1030
1032,employee1032@company.com,password_1032
1033,employee1033@company.com,password_1033
1034,employee1034@company.com,password_1034
1035,employee1035@company.com,password_1035
1036,employee1036@company.com,password_1036
1037,employee1037@company.com,password_1037
1038,employee1038@company.com,password_1038
1039,employee1039@company.com,password_1039
1040,employee1040@company.com,password_1040
1042,employee1042@company.com,password_1042
1043,employee1043@company.com,password_1043
1044,employee1044@company.com,password_1044
1045,employee1045@company.com,password_1045
1046,employee1046@company.com,password_1046
1047,employee1047@company.com,password_1047
1048,employee1048@company.com,password_1048
1049,employee1049@company.com,password_1049
1050,employee1050@company.com,password_1050
1052,employee1052@company.com,password_1052
1053,employee1053@company.com,password_1053
1055,employee1055@company.com,password_1055
1056,employee1056@company.com,password_1056
1060,employee1060@company.com,password_1060
1061,employee1061@company.com,password_1061
1062,employee1062@company.com,password_1062
1066,employee1066@company.com,password_1066
1068,employee1068@company.com,password_1068
1069,employee1069@company.com,password_1069
1070,employee1070@company.com,password_1070
1071,employee1071@company.com,password_1071
1073,employee1073@company.com,password_1073
1074,employee1074@company.com,password_1074
1076,employee1076@company.com,password_1076
1077,employee1077@company.com,password_1077
1079,employee1079@company.com,password_1079
1080,employee1080@company.com,password_1080
1081,employee1081@company.com,password_1081
1082,employee1082@company.com,password_1082
1083,employee1083@company.com,password_1083
1084,employee1084@company.com,password_1084
1085,employee1085@company.com,password_1085
1088,employee1088@company.com,password_1088
1092,employee1092@company.com,password_1092
1094,employee1094@company.com,password_1094
1096,employee1096@company.com,password_1096
1097,employee1097@company.com,password_1097
1098,employee1098@company.com,password_1098
1099,employee1099@company.com,password_1099
1100,employee1100@company.com,password_1100
1101,employee1101@company.com,password_1101
1102,employee1102@company.com,password_1102
1103,employee1103@company.com,password_1103
1105,employee1105@company.com,password_1105
1106,employee1106@company.com,password_1106
1107,employee1107@company.com,password_1107
1108,employee1108@company.com,password_1108
1109,employee1109@company.com,password_1109
1111,employee1111@company.com,password_1111
1113,employee1113@company.com,password_1113
1114,employee1114@company.com,password_1114
1115,employee1115@company.com,password_1115
1116,employee1116@company.com,password_1116
1117,employee1117@company.com,password_1117
1118,employee1118@company.com,password_1118
1119,employee1119@company.com,password_1119
1120,employee1120@company.com,password_1120
1121,employee1121@company.com,password_1121
1124,employee1124@company.com,password_1124
1125,employee1125@company.com,password_1125
1126,employee1126@company.com,password_1126
1127,employee1127@company.com,password_1127
1128,employee1128@company.com,password_1128
1131,employee1131@company.com,password_1131
1132,employee1132@company.com,password_1132
1133,employee1133@company.com,password_1133
1135,employee1135@company.com,password_1135
1136,employee1136@company.com,password_1136
1137,employee1137@company.com,password_1137
1138,employee1138@company.com,password_1138
1140,employee1140@company.com,password_1140
1143,employee1143@company.com,password_1143
1148,employee1148@company.com,password_1148
1150,employee1150@company.com,password_1150
1152,employee1152@company.com,password_1152
1154,employee1154@company.com,password_1154
1156,employee1156@company.com,password_1156
1157,employee1157@company.com,password_1157
1158,employee1158@company.com,password_1158
1160,employee1160@company.com,password_1160
1161,employee1161@company.com,password_1161
1162,employee1162@company.com,password_1162
1163,employee1163@company.com,password_1163
1164,employee1164@company.com,password_1164
1165,employee1165@company.com,password_1165
1166,employee1166@company.com,password_1166
1167,employee1167@company.com,password_1167
1171,employee1171@company.com,password_1171
1172,employee1172@company.com,password_1172
1173,employee1173@company.com,password_1173
1175,employee1175@company.com,password_1175
1177,employee1177@company.com,password_1177
1179,employee1179@company.com,password_1179
1180,employee1180@company.com,password_1180
1182,employee1182@company.com,password_1182
1184,employee1184@company.com,password_1184
1185,employee1185@company.com,password_1185
1188,employee1188@company.com,password_1188
1190,employee1190@company.com,password_1190
1191,employee1191@company.com,password_1191
1192,employee1192@company.com,password_1192
1193,employee1193@company.com,password_1193
1195,employee1195@company.com,password_1195
1196,employee1196@company.com,password_1196
1198,employee1198@company.com,password_1198
1200,employee1200@company.com,password_1200
1201,employee1201@company.com,password_1201
1202,employee1202@company.com,password_1202
1203,employee1203@company.com,password_1203
1204,employee1204@company.com,password_1204
1206,employee1206@company.com,password_1206
1207,employee1207@company.com,password_1207
1210,employee1210@company.com,password_1210
1211,employee1211@company.com,password_1211
1212,employee1212@company.com,password_1212
1215,employee1215@company.com,password_1215
1216,employee1216@company.com,password_1216
1217,employee1217@company.com,password_1217
1218,employee1218@company.com,password_1218
1219,employee1219@company.com,password_1219
1220,employee1220@company.com,password_1220
1221,employee1221@company.com,password_1221
1224,employee1224@company.com,password_1224
1225,employee1225@company.com,password_1225
1226,employee1226@company.com,password_1226
1228,employee1228@company.com,password_1228
1231,employee1231@company.com,password_1231
1233,employee1233@company.com,password_1233
1234,employee1234@company.com,password_1234
1235,employee1235@company.com,password_1235
1237,employee1237@company.com,password_1237
1238,employee1238@company.com,password_1238
1239,employee1239@company.com,password_1239
1240,employee1240@company.com,password_1240
1241,employee1241@company.com,password_1241
1242,employee1242@company.com,password_1242
1243,employee1243@company.com,password_1243
1244,employee1244@company.com,password_1244
1245,employee1245@company.com,password_1245
1246,employee1246@company.com,password_1246
1248,employee1248@company.com,password_1248
1249,employee1249@company.com,password_1249
1250,employee1250@company.com,password_1250
1251,employee1251@company.com,password_1251
1252,employee1252@company.com,password_1252
1254,employee1254@company.com,password_1254
1255,employee1255@company.com,password_1255
1256,employee1256@company.com,password_1256
1257,employee1257@company.com,password_1257
1258,employee1258@company.com,password_1258
1259,employee1259@company.com,password_1259
1260,employee1260@company.com,password_1260
1263,employee1263@company.com,password_1263
1264,employee1264@company.com,password_1264
1265,employee1265@company.com,password_1265
1267,employee1267@company.com,password_1267
1268,employee1268@company.com,password_1268
1269,employee1269@company.com,password_1269
1270,employee1270@company.com,password_1270
1273,employee1273@company.com,password_1273
1275,employee1275@company.com,password_1275
1277,employee1277@company.com,password_1277
1278,employee1278@company.com,password_1278
1279,employee1279@company.com,password_1279
1280,employee1280@company.com,password_1280
1281,employee1281@company.com,password_1281
1282,employee1282@company.com,password_1282
1283,employee1283@company.com,password_1283
1285,employee1285@company.com,password_1285
1286,employee1286@company.com,password_1286
1288,employee1288@company.com,password_1288
1289,employee1289@company.com,password_1289
1291,employee1291@company.com,password_1291
1292,employee1292@company.com,password_1292
1293,employee1293@company.com,password_1293
1294,employee1294@company.com,password_1294
1295,employee1295@company.com,password_1295
1296,employee1296@company.com,password_1296
1297,employee1297@company.com,password_1297
1298,employee1298@company.com,password_1298
1299,employee1299@company.com,password_1299
1301,employee1301@company.com,password_1301
1303,employee1303@company.com,password_1303
1304,employee1304@company.com,password_1304
1306,employee1306@company.com,password_1306
1307,employee1307@company.com,password_1307
1308,employee1308@company.com,password_1308
1309,employee1309@company.com,password_1309
1310,employee1310@company.com,password_1310
1311,employee1311@company.com,password_1311
1312,employee1312@company.com,password_1312
1314,employee1314@company.com,password_1314
1315,employee1315@company.com,password_1315
1317,employee1317@company.com,password_1317
1318,employee1318@company.com,password_1318
1319,employee1319@company.com,password_1319
1321,employee1321@company.com,password_1321
1322,employee1322@company.com,password_1322
1324,employee1324@company.com,password_1324
1329,employee1329@company.com,password_1329
1331,employee1331@company.com,password_1331
1333,employee1333@company.com,password_1333
1334,employee1334@company.com,password_1334
1336,employee1336@company.com,password_1336
1338,employee1338@company.com,password_1338
1340,employee1340@company.com,password_1340
1344,employee1344@company.com,password_1344
1346,employee1346@company.com,password_1346
1349,employee1349@company.com,password_1349
1350,employee1350@company.com,password_1350
1352,employee1352@company.com,password_1352
1355,employee1355@company.com,password_1355
1356,employee1356@company.com,password_1356
1358,employee1358@company.com,password_1358
1360,employee1360@company.com,password_1360
1361,employee1361@company.com,password_1361
1362,employee1362@company.com,password_1362
1363,employee1363@company.com,password_1363
1364,employee1364@company.com,password_1364
1367,employee1367@company.com,password_1367
1368,employee1368@company.com,password_1368
1369,employee1369@company.com,password_1369
1371,employee1371@company.com,password_1371
1372,employee1372@company.com,password_1372
1373,employee1373@company.com,password_1373
1374,employee1374@company.com,password_1374
1375,employee1375@company.com,password_1375
1377,employee1377@company.com,password_1377
1379,employee1379@company.com,password_1379
1380,employee1380@company.com,password_1380
1382,employee1382@company.com,password_1382
1383,employee1383@company.com,password_1383
1387,employee1387@company.com,password_1387
1389,employee1389@company.com,password_1389
1390,employee1390@company.com,password_1390
1391,employee1391@company.com,password_1391
1392,employee1392@company.com,password_1392
1394,employee1394@company.com,password_1394
1395,employee1395@company.com,password_1395
1396,employee1396@company.com,password_1396
1397,employee1397@company.com,password_1397
1399,employee1399@company.com,password_1399
1401,employee1401@company.com,password_1401
1402,employee1402@company.com,password_1402
1403,employee1403@company.com,password_1403
1405,employee1405@company.com,password_1405
1407,employee1407@company.com,password_1407
1408,employee1408@company.com,password_1408
1409,employee1409@company.com,password_1409
1411,employee1411@company.com,password_1411
1412,employee1412@company.com,password_1412
1415,employee1415@company.com,password_1415
1417,employee1417@company.com,password_1417
1419,employee1419@company.com,password_1419
1420,employee1420@company.com,password_1420
1421,employee1421@company.com,password_1421
1422,employee1422@company.com,password_1422
1423,employee1423@company.com,password_1423
1424,employee1424@company.com,password_1424
1425,employee1425@company.com,password_1425
1427,employee1427@company.com,password_1427
1428,employee1428@company.com,password_1428
1430,employee1430@company.com,password_1430
1431,employee1431@company.com,password_1431
1433,employee1433@company.com,password_1433
1434,employee1434@company.com,password_1434
1435,employee1435@company.com,password_1435
1436,employee1436@company.com,password_1436
1438,employee1438@company.com,password_1438
1439,employee1439@company.com,password_1439
1440,employee1440@company.com,password_1440
1441,employee1441@company.com,password_1441
1443,employee1443@company.com,password_1443
1445,employee1445@company.com,password_1445
1446,employee1446@company.com,password_1446
1447,employee1447@company.com,password_1447
1448,employee1448@company.com,password_1448
1449,employee1449@company.com,password_1449
1453,employee1453@company.com,password_1453
1457,employee1457@company.com,password_1457
1458,employee1458@company.com,password_1458
1459,employee1459@company.com,password_1459
1460,employee1460@company.com,password_1460
1461,employee1461@company.com,password_1461
1464,employee1464@company.com,password_1464
1465,employee1465@company.com,password_1465
1466,employee1466@company.com,password_1466
1467,employee1467@company.com,password_1467
1468,employee1468@company.com,password_1468
1469,employee1469@company.com,password_1469
1471,employee1471@company.com,password_1471
1472,employee1472@company.com,password_1472
1473,employee1473@company.com,password_1473
1474,employee1474@company.com,password_1474
1475,employee1475@company.com,password_1475
1477,employee1477@company.com,password_1477
1478,employee1478@company.com,password_1478
1479,employee1479@company.com,password_1479
1480,employee1480@company.com,password_1480
1481,employee1481@company.com,password_1481
1482,employee1482@company.com,password_1482
1483,employee1483@company.com,password_1483
1484,employee1484@company.com,password_1484
1485,employee1485@company.com,password_1485
1486,employee1486@company.com,password_1486
1487,employee1487@company.com,password_1487
1489,employee1489@company.com,password_1489
1492,employee1492@company.com,password_1492
1494,employee1494@company.com,password_1494
1495,employee1495@company.com,password_1495
1496,employee1496@company.com,password_1496
1497,employee1497@company.com,password_1497
1499,employee1499@company.com,password_1499
1501,employee1501@company.com,password_1501
1502,employee1502@company.com,password_1502
1503,employee1503@company.com,password_1503
1504,employee1504@company.com,password_1504
1506,employee1506@company.com,password_1506
1507,employee1507@company.com,password_1507
1509,employee1509@company.com,password_1509
1513,employee1513@company.com,password_1513
1514,employee1514@company.com,password_1514
1515,employee1515@company.com,password_1515
1516,employee1516@company.com,password_1516
1520,employee1520@company.com,password_1520
1522,employee1522@company.com,password_1522
1523,employee1523@company.com,password_1523
1525,employee1525@company.com,password_1525
1527,employee1527@company.com,password_1527
1529,employee1529@company.com,password_1529
1533,employee1533@company.com,password_1533
1534,employee1534@company.com,password_1534
1535,employee1535@company.com,password_1535
1537,employee1537@company.com,password_1537
1539,employee1539@company.com,password_1539
1541,employee1541@company.com,password_1541
1542,employee1542@company.com,password_1542
1543,employee1543@company.com,password_1543
1544,employee1544@company.com,password_1544
1545,employee1545@company.com,password_1545
1546,employee1546@company.com,password_1546
1547,employee1547@company.com,password_1547
1548,employee1548@company.com,password_1548
1549,employee1549@company.com,password_1549
1550,employee1550@company.com,password_1550
1551,employee1551@company.com,password_1551
1552,employee1552@company.com,password_1552
1553,employee1553@company.com,password_1553
1554,employee1554@company.com,password_1554
1555,employee1555@company.com,password_1555
1556,employee1556@company.com,password_1556
1557,employee1557@company.com,password_1557
1558,employee1558@company.com,password_1558
1560,employee1560@company.com,password_1560
1562,employee1562@company.com,password_1562
1563,employee1563@company.com,password_1563
1564,employee1564@company.com,password_1564
1568,employee1568@company.com,password_1568
1569,employee1569@company.com,password_1569
1572,employee1572@company.com,password_1572
1573,employee1573@company.com,password_1573
1574,employee1574@company.com,password_1574
1576,employee1576@company.com,password_1576
1577,employee1577@company.com,password_1577
1578,employee1578@company.com,password_1578
1580,employee1580@company.com,password_1580
1581,employee1581@company.com,password_1581
1582,employee1582@company.com,password_1582
1583,employee1583@company.com,password_1583
1585,employee1585@company.com,password_1585
1586,employee1586@company.com,password_1586
1587,employee1587@company.com,password_1587
1588,employee1588@company.com,password_1588
1590,employee1590@company.com,password_1590
1591,employee1591@company.com,password_1591
1592,employee1592@company.com,password_1592
1594,employee1594@company.com,password_1594
1595,employee1595@company.com,password_1595
1596,employee1596@company.com,password_1596
1597,employee1597@company.com,password_1597
1598,employee1598@company.com,password_1598
1599,employee1599@company.com,password_1599
1601,employee1601@company.com,password_1601
1602,employee1602@company.com,password_1602
1604,employee1604@company.com,password_1604
1605,employee1605@company.com,password_1605
1606,employee1606@company.com,password_1606
1607,employee1607@company.com,password_1607
1608,employee1608@company.com,password_1608
1609,employee1609@company.com,password_1609
1611,employee1611@company.com,password_1611
1612,employee1612@company.com,password_1612
1613,employee1613@company.com,password_1613
1614,employee1614@company.com,password_1614
1615,employee1615@company.com,password_1615
1617,employee1617@company.com,password_1617
1618,employee1618@company.com,password_1618
1619,employee1619@company.com,password_1619
1621,employee1621@company.com,password_1621
1622,employee1622@company.com,password_1622
1623,employee1623@company.com,password_1623
1624,employee1624@company.com,password_1624
1625,employee1625@company.com,password_1625
1627,employee1627@company.com,password_1627
1628,employee1628@company.com,password_1628
1630,employee1630@company.com,password_1630
1631,employee1631@company.com,password_1631
1633,employee1633@company.com,password_1633
1635,employee1635@company.com,password_1635
1638,employee1638@company.com,password_1638
1639,employee1639@company.com,password_1639
1640,employee1640@company.com,password_1640
1641,employee1641@company.com,password_1641
1642,employee1642@company.com,password_1642
1644,employee1644@company.com,password_1644
1645,employee1645@company.com,password_1645
1646,employee1646@company.com,password_1646
1647,employee1647@company.com,password_1647
1648,employee1648@company.com,password_1648
1649,employee1649@company.com,password_1649
1650,employee1650@company.com,password_1650
1651,employee1651@company.com,password_1651
1653,employee1653@company.com,password_1653
1654,employee1654@company.com,password_1654
1655,employee1655@company.com,password_1655
1656,employee1656@company.com,password_1656
1657,employee1657@company.com,password_1657
1658,employee1658@company.com,password_1658
1659,employee1659@company.com,password_1659
1661,employee1661@company.com,password_1661
1662,employee1662@company.com,password_1662
1664,employee1664@company.com,password_1664
1665,employee1665@company.com,password_1665
1666,employee1666@company.com,password_1666
1667,employee1667@company.com,password_1667
1668,employee1668@company.com,password_1668
1669,employee1669@company.com,password_1669
1670,employee1670@company.com,password_1670
1671,employee1671@company.com,password_1671
1673,employee1673@company.com,password_1673
1674,employee1674@company.com,password_1674
1675,employee1675@company.com,password_1675
1676,employee1676@company.com,password_1676
1677,employee1677@company.com,password_1677
1678,employee1678@company.com,password_1678
1680,employee1680@company.com,password_1680
1681,employee1681@company.com,password_1681
1682,employee1682@company.com,password_1682
1683,employee1683@company.com,password_1683
1684,employee1684@company.com,password_1684
1687,employee1687@company.com,password_1687
1689,employee1689@company.com,password_1689
1691,employee1691@company.com,password_1691
1692,employee1692@company.com,password_1692
1693,employee1693@company.com,password_1693
1694,employee1694@company.com,password_1694
1696,employee1696@company.com,password_1696
1697,employee1697@company.com,password_1697
1698,employee1698@company.com,password_1698
1700,employee1700@company.com,password_1700
1701,employee1701@company.com,password_1701
1702,employee1702@company.com,password_1702
1703,employee1703@company.com,password_1703
1704,employee1704@company.com,password_1704
1706,employee1706@company.com,password_1706
1707,employee1707@company.com,password_1707
1708,employee1708@company.com,password_1708
1709,employee1709@company.com,password_1709
1710,employee1710@company.com,password_1710
1712,employee1712@company.com,password_1712
1714,employee1714@company.com,password_1714
1716,employee1716@company.com,password_1716
1718,employee1718@company.com,password_1718
1719,employee1719@company.com,password_1719
1720,employee1720@company.com,password_1720
1721,employee1721@company.com,password_1721
1722,employee1722@company.com,password_1722
1724,employee1724@company.com,password_1724
1725,employee1725@company.com,password_1725
1727,employee1727@company.com,password_1727
1728,employee1728@company.com,password_1728
1729,employee1729@company.com,password_1729
1731,employee1731@company.com,password_1731
1732,employee1732@company.com,password_1732
1733,employee1733@company.com,password_1733
1734,employee1734@company.com,password_1734
1735,employee1735@company.com,password_1735
1736,employee1736@company.com,password_1736
1737,employee1737@company.com,password_1737
1739,employee1739@company.com,password_1739
1740,employee1740@company.com,password_1740
1744,employee1744@company.com,password_1744
1745,employee1745@company.com,password_1745
1746,employee1746@company.com,password_1746
1747,employee1747@company.com,password_1747
1749,employee1749@company.com,password_1749
1751,employee1751@company.com,password_1751
1752,employee1752@company.com,password_1752
1753,employee1753@company.com,password_1753
1754,employee1754@company.com,password_1754
1755,employee1755@company.com,password_1755
1756,employee1756@company.com,password_1756
1757,employee1757@company.com,password_1757
1758,employee1758@company.com,password_1758
1760,employee1760@company.com,password_1760
1761,employee1761@company.com,password_1761
1762,employee1762@company.com,password_1762
1763,employee1763@company.com,password_1763
1764,employee1764@company.com,password_1764
1766,employee1766@company.com,password_1766
1767,employee1767@company.com,password_1767
1768,employee1768@company.com,password_1768
1770,employee1770@company.com,password_1770
1771,employee1771@company.com,password_1771
1772,employee1772@company.com,password_1772
1774,employee1774@company.com,password_1774
1775,employee1775@company.com,password_1775
1778,employee1778@company.com,password_1778
1779,employee1779@company.com,password_1779
1780,employee1780@company.com,password_1780
1782,employee1782@company.com,password_1782
1783,employee1783@company.com,password_1783
1784,employee1784@company.com,password_1784
1786,employee1786@company.com,password_1786
1787,employee1787@company.com,password_1787
1789,employee1789@company.com,password_1789
1790,employee1790@company.com,password_1790
1792,employee1792@company.com,password_1792
1794,employee1794@company.com,password_1794
1797,employee1797@company.com,password_1797
1798,employee1798@company.com,password_1798
1799,employee1799@company.com,password_1799
1800,employee1800@company.com,password_1800
1801,employee1801@company.com,password_1801
1802,employee1802@company.com,password_1802
1803,employee1803@company.com,password_1803
1804,employee1804@company.com,password_1804
1805,employee1805@company.com,password_1805
1807,employee1807@company.com,password_1807
1809,employee1809@company.com,password_1809
1812,employee1812@company.com,password_1812
1813,employee1813@company.com,password_1813
1814,employee1814@company.com,password_1814
1815,employee1815@company.com,password_1815
1816,employee1816@company.com,password_1816
1818,employee1818@company.com,password_1818
1821,employee1821@company.com,password_1821
1822,employee1822@company.com,password_1822
1823,employee1823@company.com,password_1823
1824,employee1824@company.com,password_1824
1826,employee1826@company.com,password_1826
1827,employee1827@company.com,password_1827
1829,employee1829@company.com,password_1829
1830,employee1830@company.com,password_1830
1833,employee1833@company.com,password_1833
1834,employee1834@company.com,password_1834
1835,employee1835@company.com,password_1835
1836,employee1836@company.com,password_1836
1837,employee1837@company.com,password_1837
1839,employee1839@company.com,password_1839
1842,employee1842@company.com,password_1842
1844,employee1844@company.com,password_1844
1845,employee1845@company.com,password_1845
1847,employee1847@company.com,password_1847
1849,employee1849@company.com,password_1849
1850,employee1850@company.com,password_1850
1852,employee1852@company.com,password_1852
1853,employee1853@company.com,password_1853
1854,employee1854@company.com,password_1854
1856,employee1856@company.com,password_1856
1857,employee1857@company.com,password_1857
1858,employee1858@company.com,password_1858
1859,employee1859@company.com,password_1859
1860,employee1860@company.com,password_1860
1862,employee1862@company.com,password_1862
1863,employee1863@company.com,password_1863
1864,employee1864@company.com,password_1864
1865,employee1865@company.com,password_1865
1866,employee1866@company.com,password_1866
1867,employee1867@company.com,password_1867
1868,employee1868@company.com,password_1868
1869,employee1869@company.com,password_1869
1870,employee1870@company.com,password_1870
1871,employee1871@company.com,password_1871
1873,employee1873@company.com,password_1873
1875,employee1875@company.com,password_1875
1876,employee1876@company.com,password_1876
1878,employee1878@company.com,password_1878
1880,employee1880@company.com,password_1880
1881,employee1881@company.com,password_1881
1882,employee1882@company.com,password_1882
1883,employee1883@company.com,password_1883
1885,employee1885@company.com,password_1885
1886,employee1886@company.com,password_1886
1888,employee1888@company.com,password_1888
1890,employee1890@company.com,password_1890
1892,employee1892@company.com,password_1892
1893,employee1893@company.com,password_1893
1898,employee1898@company.com,password_1898
1900,employee1900@company.com,password_1900
1903,employee1903@company.com,password_1903
1905,employee1905@company.com,password_1905
1907,employee1907@company.com,password_1907
1908,employee1908@company.com,password_1908
1909,employee1909@company.com,password_1909
1911,employee1911@company.com,password_1911
1912,employee1912@company.com,password_1912
1915,employee1915@company.com,password_1915
1916,employee1916@company.com,password_1916
1918,employee1918@company.com,password_1918
1922,employee1922@company.com,password_1922
1924,employee1924@company.com,password_1924
1927,employee1927@company.com,password_1927
1928,employee1928@company.com,password_1928
1929,employee1929@company.com,password_1929
1931,employee1931@company.com,password_1931
1932,employee1932@company.com,password_1932
1933,employee1933@company.com,password_1933
1934,employee1934@company.com,password_1934
1935,employee1935@company.com,password_1935
1936,employee1936@company.com,password_1936
1937,employee1937@company.com,password_1937
1938,employee1938@company.com,password_1938
1939,employee1939@company.com,password_1939
1940,employee1940@company.com,password_1940
1941,employee1941@company.com,password_1941
1943,employee1943@company.com,password_1943
1944,employee1944@company.com,password_1944
1945,employee1945@company.com,password_1945
1947,employee1947@company.com,password_1947
1948,employee1948@company.com,password_1948
1949,employee1949@company.com,password_1949
1950,employee1950@company.com,password_1950
1951,employee1951@company.com,password_1951
1952,employee1952@company.com,password_1952
1954,employee1954@company.com,password_1954
1955,employee1955@company.com,password_1955
1956,employee1956@company.com,password_1956
1960,employee1960@company.com,password_1960
1961,employee1961@company.com,password_1961
1962,employee1962@company.com,password_1962
1965,employee1965@company.com,password_1965
1966,employee1966@company.com,password_1966
1967,employee1967@company.com,password_1967
1968,employee1968@company.com,password_1968
1969,employee1969@company.com,password_1969
1970,employee1970@company.com,password_1970
1971,employee1971@company.com,password_1971
1972,employee1972@company.com,password_1972
1973,employee1973@company.com,password_1973
1974,employee1974@company.com,password_1974
1975,employee1975@company.com,password_1975
1976,employee1976@company.com,password_1976
1979,employee1979@company.com,password_1979
1980,employee1980@company.com,password_1980
1981,employee1981@company.com,password_1981
1982,employee1982@company.com,password_1982
1985,employee1985@company.com,password_1985
1986,employee1986@company.com,password_1986
1987,employee1987@company.com,password_1987
1989,employee1989@company.com,password_1989
1992,employee1992@company.com,password_1992
1993,employee1993@company.com,password_1993
1994,employee1994@company.com,password_1994
1995,employee1995@company.com,password_1995
1996,employee1996@company.com,password_1996
1997,employee1997@company.com,password_1997
1998,employee1998@company.com,password_1998
1999,employee1999@company.com,password_1999
2000,employee2000@company.com,password_2000
2003,employee2003@company.com,password_2003
2007,employee2007@company.com,password_2007
2008,employee2008@company.com,password_2008
2009,employee2009@company.com,password_2009
2010,employee2010@company.com,password_2010
2012,employee2012@company.com,password_2012
2013,employee2013@company.com,password_2013
2014,employee2014@company.com,password_2014
2015,employee2015@company.com,password_2015
2016,employee2016@company.com,password_2016
2017,employee2017@company.com,password_2017
2018,employee2018@company.com,password_2018
2019,employee2019@company.com,password_2019
2020,employee2020@company.com,password_2020
2021,employee2021@company.com,password_2021
2022,employee2022@company.com,password_2022
2023,employee2023@company.com,password_2023
2024,employee2024@company.com,password_2024
2025,employee2025@company.com,password_2025
2026,employee2026@company.com,password_2026
2027,employee2027@company.com,password_2027
2031,employee2031@company.com,password_2031
2032,employee2032@company.com,password_2032
2034,employee2034@company.com,password_2034
2035,employee2035@company.com,password_2035
2036,employee2036@company.com,password_2036
2037,employee2037@company.com,password_2037
2038,employee2038@company.com,password_2038
2040,employee2040@company.com,password_2040
2041,employee2041@company.com,password_2041
2044,employee2044@company.com,password_2044
2045,employee2045@company.com,password_2045
2046,employee2046@company.com,password_2046
2048,employee2048@company.com,password_2048
2049,employee2049@company.com,password_2049
2051,employee2051@company.com,password_2051
2052,employee2052@company.com,password_2052
2053,employee2053@company.com,password_2053
2054,employee2054@company.com,password_2054
2055,employee2055@company.com,password_2055
2056,employee2056@company.com,password_2056
2057,employee2057@company.com,password_2057
2060,employee2060@company.com,password_2060
2061,employee2061@company.com,password_2061
2062,employee2062@company.com,password_2062
2064,employee2064@company.com,password_2064
2065,employee2065@company.com,password_2065
2068,employee2068@company.com,password_2068
